title,price_gbp,rating,availability
A Light in the Attic,Â51.77,3,In stock
Tipping the Velvet,Â53.74,1,In stock
Soumission,Â50.10,1,In stock
Sharp Objects,Â47.82,4,In stock
Sapiens: A Brief History of Humankind,Â54.23,5,In stock
The Requiem Red,Â22.65,1,In stock
The Dirty Little Secrets of Getting Your Dream Job,Â33.34,4,In stock
"The Coming Woman: A Novel Based on the Life of the Infamous Feminist, Victoria Woodhull",Â17.93,3,In stock
The Boys in the Boat: Nine Americans and Their Epic Quest for Gold at the 1936 Berlin Olympics,Â22.60,4,In stock
The Black Maria,Â52.15,1,In stock
"Starving Hearts (Triangular Trade Trilogy, #1)",Â13.99,2,In stock
Shakespeare's Sonnets,Â20.66,4,In stock
Set Me Free,Â17.46,5,In stock
Scott Pilgrim's Precious Little Life (Scott Pilgrim #1),Â52.29,5,In stock
Rip it Up and Start Again,Â35.02,5,In stock
"Our Band Could Be Your Life: Scenes from the American Indie Underground, 1981-1991",Â57.25,3,In stock
Olio,Â23.88,1,In stock
Mesaerion: The Best Science Fiction Stories 1800-1849,Â37.59,1,In stock
Libertarianism for Beginners,Â51.33,2,In stock
It's Only the Himalayas,Â45.17,2,In stock
In Her Wake,Â12.84,1,In stock
How Music Works,Â37.32,2,In stock
"Foolproof Preserving: A Guide to Small Batch Jams, Jellies, Pickles, Condiments, and More: A Foolproof Guide to Making Small Batch Jams, Jellies, Pickles, Condiments, and More",Â30.52,3,In stock
Chase Me (Paris Nights #2),Â25.27,5,In stock
Black Dust,Â34.53,5,In stock
Birdsong: A Story in Pictures,Â54.64,3,In stock
America's Cradle of Quarterbacks: Western Pennsylvania's Football Factory from Johnny Unitas to Joe Montana,Â22.50,3,In stock
Aladdin and His Wonderful Lamp,Â53.13,3,In stock
Worlds Elsewhere: Journeys Around Shakespeareâs Globe,Â40.30,5,In stock
Wall and Piece,Â44.18,4,In stock
The Four Agreements: A Practical Guide to Personal Freedom,Â17.66,5,In stock
The Five Love Languages: How to Express Heartfelt Commitment to Your Mate,Â31.05,3,In stock
The Elephant Tree,Â23.82,5,In stock
The Bear and the Piano,Â36.89,1,In stock
Sophie's World,Â15.94,5,In stock
Penny Maybe,Â33.29,3,In stock
Maude (1883-1993):She Grew Up with the country,Â18.02,2,In stock
"In a Dark, Dark Wood",Â19.63,1,In stock
Behind Closed Doors,Â52.22,4,In stock
You can't bury them all: Poems,Â33.63,2,In stock
Slow States of Collapse: Poems,Â57.31,3,In stock
Reasons to Stay Alive,Â26.41,2,In stock
Private Paris (Private #10),Â47.61,5,In stock
#HigherSelfie: Wake Up Your Life. Free Your Soul. Find Your Tribe.,Â23.11,5,In stock
Without Borders (Wanderlove #1),Â45.07,2,In stock
When We Collided,Â31.77,1,In stock
"We Love You, Charlie Freeman",Â50.27,5,In stock
Untitled Collection: Sabbath Poems 2014,Â14.27,4,In stock
"Unseen City: The Majesty of Pigeons, the Discreet Charm of Snails & Other Wonders of the Urban Wilderness",Â44.18,4,In stock
Unicorn Tracks,Â18.78,3,In stock
"Unbound: How Eight Technologies Made Us Human, Transformed Society, and Brought Our World to the Brink",Â25.52,1,In stock
Tsubasa: WoRLD CHRoNiCLE 2 (Tsubasa WoRLD CHRoNiCLE #2),Â16.28,1,In stock
Throwing Rocks at the Google Bus: How Growth Became the Enemy of Prosperity,Â31.12,3,In stock
This One Summer,Â19.49,4,In stock
Thirst,Â17.27,5,In stock
The Torch Is Passed: A Harding Family Story,Â19.09,1,In stock
The Secret of Dreadwillow Carse,Â56.13,1,In stock
"The Pioneer Woman Cooks: Dinnertime: Comfort Classics, Freezer Food, 16-Minute Meals, and Other Delicious Ways to Solve Supper!",Â56.41,1,In stock
The Past Never Ends,Â56.50,4,In stock
The Natural History of Us (The Fine Art of Pretending #2),Â45.22,3,In stock
The Nameless City (The Nameless City #1),Â38.16,4,In stock
The Murder That Never Was (Forensic Instincts #5),Â54.11,3,In stock
The Most Perfect Thing: Inside (and Outside) a Bird's Egg,Â42.96,4,In stock
"The Mindfulness and Acceptance Workbook for Anxiety: A Guide to Breaking Free from Anxiety, Phobias, and Worry Using Acceptance and Commitment Therapy",Â23.89,4,In stock
The Life-Changing Magic of Tidying Up: The Japanese Art of Decluttering and Organizing,Â16.77,3,In stock
"The Inefficiency Assassin: Time Management Tactics for Working Smarter, Not Longer",Â20.59,5,In stock
The Gutsy Girl: Escapades for Your Life of Epic Adventure,Â37.13,1,In stock
The Electric Pencil: Drawings from Inside State Hospital No. 3,Â56.06,1,In stock
The Death of Humanity: and the Case for Life,Â58.11,4,In stock
"The Bulletproof Diet: Lose up to a Pound a Day, Reclaim Energy and Focus, Upgrade Your Life",Â49.05,3,In stock
The Art Forger,Â40.76,3,In stock
The Age of Genius: The Seventeenth Century and the Birth of the Modern Mind,Â19.73,1,In stock
The Activist's Tao Te Ching: Ancient Advice for a Modern Revolution,Â32.24,5,In stock
Spark Joy: An Illustrated Master Class on the Art of Organizing and Tidying Up,Â41.83,4,In stock
Soul Reader,Â39.58,2,In stock
Security,Â39.25,2,In stock
"Saga, Volume 6 (Saga (Collected Editions) #6)",Â25.02,3,In stock
"Saga, Volume 5 (Saga (Collected Editions) #5)",Â51.04,2,In stock
Reskilling America: Learning to Labor in the Twenty-First Century,Â19.83,2,In stock
"Rat Queens, Vol. 3: Demons (Rat Queens (Collected Editions) #11-15)",Â50.40,3,In stock
"Princess Jellyfish 2-in-1 Omnibus, Vol. 01 (Princess Jellyfish 2-in-1 Omnibus #1)",Â13.61,5,In stock
Princess Between Worlds (Wide-Awake Princess #5),Â13.34,5,In stock
"Pop Gun War, Volume 1: Gift",Â18.97,1,In stock
"Political Suicide: Missteps, Peccadilloes, Bad Calls, Backroom Hijinx, Sordid Pasts, Rotten Breaks, and Just Plain Dumb Mistakes in the Annals of American Politics",Â36.28,2,In stock
Patience,Â10.16,3,In stock
"Outcast, Vol. 1: A Darkness Surrounds Him (Outcast #1)",Â15.44,4,In stock
orange: The Complete Collection 1 (orange: The Complete Collection #1),Â48.41,1,In stock
Online Marketing for Busy Authors: A Step-By-Step Guide,Â46.35,1,In stock
On a Midnight Clear,Â14.07,3,In stock
Obsidian (Lux #1),Â14.86,2,In stock
My Paris Kitchen: Recipes and Stories,Â33.37,2,In stock
Masks and Shadows,Â56.40,2,In stock
"Mama Tried: Traditional Italian Cooking for the Screwed, Crude, Vegan, and Tattooed",Â14.02,4,In stock
"Lumberjanes, Vol. 2: Friendship to the Max (Lumberjanes #5-8)",Â46.91,2,In stock
"Lumberjanes, Vol. 1: Beware the Kitten Holy (Lumberjanes #1-4)",Â45.61,3,In stock
Lumberjanes Vol. 3: A Terrible Plan (Lumberjanes #9-12),Â19.92,2,In stock
"Layered: Baking, Building, and Styling Spectacular Cakes",Â40.11,1,In stock
Judo: Seven Steps to Black Belt (an Introductory Guide for Beginners),Â53.90,2,In stock
Join,Â35.67,5,In stock
In the Country We Love: My Family Divided,Â22.00,4,In stock
